<?xml version="1.0" encoding="UTF-8" ?>
<!DOCTYPE struts PUBLIC
    "-//Apache Software Foundation//DTD Struts Configuration 2.0//EN"
    "http://struts.apache.org/dtds/struts-2.0.dtd">
    
<struts>
	
	<package name="login" extends="hibernate-default">
		<!-- loginPage.action -->
		<action name="loginPage" 
					class="com.comvivaapp.Login"
					>
			<result name="success">/login.jsp</result>		
			<result name="failure">/loginerror.jsp</result>		
		</action>
		
		<action name="performLoginAction" 
					class="com.comvivaapp.Login"
					method="performLogin">
			<result name="success">/loginsuccess.jsp</result>		
			<result name="failure">/login.jsp</result>		
		</action>
		
		<action name="registerAction" 
					class="com.comvivaapp.RegisterAction"
					>
			<result name="success">/register.jsp</result>		
					
		</action>
		
		<action name="performRegister" 
					class="com.comvivaapp.RegisterAction"
					method="performRegister">
			<result name="success">/login.jsp</result>		
			<result name="failure">/register.jsp</result>		
		</action>
		
		
		
		
	
	</package>
	

</struts>