<?xml version="1.0" encoding="UTF-8"?>
<!DOCTYPE hibernate-mapping PUBLIC "-//Hibernate/Hibernate Mapping DTD 3.0//EN" "http://hibernate.sourceforge.net/hibernate-mapping-3.0.dtd">
<hibernate-mapping>

	<class name="com.samples.jdbc.Product" 
									table="product">
						
		<!-- Mapping of Primary key -->
		<!-- auto_increment -->
		<id name="productId" column="id">
			<generator class="increment"/>
			<!-- <generator class="increment"/> -->
			<!-- <generator class="sequence" name="employee_seq"/> -->
		</id>				
						
		<property name="name" column="name"/>
		
		<property name="price" column="price"/>
					
	
	</class>

</hibernate-mapping>